{
  "Configuration": {
    "pause": true,
    "pauseAt": 20.0,
    "stopAt": -1.0,
    "numberOfStepsPerRenderUpdate": 4,
    "renderWalls": 4,
    "particleAttributes": "velocity;density",
    "timeStepSize": 0.0010000000474974513,
    "particleRadius": 0.014999999664723873,
    "sim2D": false,
    "enableZSort": true,
    "gravitation": [
      0.0,
      -9.8100004196167,
      4.288087325221568e-07
    ],
    "boundaryHandlingMethod": 2,
    "simulationMethod": 4,
    "kernel": 0,
    "gradKernel": 0,
    "cflMethod": 0,
    "cflFactor": 0.8999999761581421,
    "cflMinTimeStepSize": 9.999999747378752e-06,
    "cflMaxTimeStepSize": 0.009999999776482582,
    "cameraPosition": [
      10.11301040649414,
      5.172463417053223,
      2.1483840942382812
    ],
    "cameraLookat": [
      -2.5401246602996252e-05,
      -0.20855534076690674,
      0.9780105352401733
    ],
    "DFSPH": 
		{
			"minIterations": 2,
			"maxIterations": 100,
			"maxError": 0.01,
			"maxIterationsV": 100,
			"maxErrorV": 0.1,
			"enableDivergenceSolver": true
		}
  },
  "RigidBodies": [],
  "FluidModels": [],
  "FluidBlocks": [],
  "Emitters": [
    {
      "id": "Fluid_0",
      "type": 1,
      "velocity": 8.0,
      "emitStartTime": 0.0,
      "emitEndTime": 100.0,
      "tag": "",
      "translation": [
        0.0,
        2.9187259674072266,
        -0.0
      ],
      "rotationAxis": [
        0.0,
        0.0,
        -1.0
      ],
      "rotationAngle": 1.570796012878418,
      "width": 16.666667039195705,
      "boundingBoxMin": [
        -0.5,
        2.9187240600585938,
        -0.5
      ],
      "boundingBoxMax": [
        0.5,
        2.9187278747558594,
        0.5
      ]
    },
    {
      "id": "Fluid_0",
      "type": 1,
      "velocity": 8.0,
      "emitStartTime": 0.0,
      "emitEndTime": 100.0,
      "tag": "",
      "translation": [
        0.0,
        2.017160654067993,
        -0.0
      ],
      "rotationAxis": [
        0.0,
        0.0,
        0.9999999403953552
      ],
      "rotationAngle": 1.570796251296997,
      "width": 16.666667039195705,
      "boundingBoxMin": [
        -0.5,
        2.0171587467193604,
        -0.5
      ],
      "boundingBoxMax": [
        0.5,
        2.017162561416626,
        0.5
      ]
    }
  ],
  "AnimationFields": [],
  "Materials": [
    {
      "id": "Fluid_0",
      "density0": 1000.0,
      "colorField": "velocity",
      "colorMapType": 1,
      "renderMinValue": 0.0,
      "renderMaxValue": 10.0,
      "maxEmitterParticles": 10000000,
      "emitterReuseParticles": false,
      "emitterBoxMin": [
        0.0,
        0.0,
        0.0
      ],
      "emitterBoxMax": [
        0.0,
        0.0,
        0.0
      ],
      "viscosityMethod": 0,
      "surfaceTensionMethod": 4,
      "Jeske et al. 2023": 
      {
        "surfaceTension": 10799.999275803582,
        "surfaceTensionBoundary": 0.0,
        "surfaceTensionViscosity": 0.05,
        "surfaceTensionViscosityBoundary": 0.0,
        "surfaceTensionMaxIter": 100,
        "surfaceTensionMaxError": 0.0010000000474974513,
        "surfaceTensionMode": 1
      }
    }
  ]
}
